statename,state,Year,population,density,citi_1,nominate_dim1,Incumbent_D,Incumbent_R,PD,PR,South_ext,counter,favsonD,stategdp,stategdp_percap,counter2,spline,uni_dem,Tashijan
Alabama,1,1972,3444165,68,22.99286652,0.12800001,0,1,1,1,1,1,1,13623600000,3955.55962,4,-53.333332,1,0
Alaska,2,1972,300382,0.5,70.26426697,0.43199998,0,1,0,0,0,1,0,2539500000,8454.234941,4,-53.333332,0,0
Arizona,3,1972,1770900,15.6,42.22231293,0.38699999,0,1,0,0,0,1,0,9649000000,5448.641933,4,-53.333332,0,0
Arkansas,4,1972,1923295,37,42.09135437,0.26640001,0,1,0,0,1,1,0,7440200000,3868.465316,4,-53.333332,1,0
California,5,1972,19953134,128.1,54.01467514,0.47013637,0,1,1,1,0,1,0,1.20E+11,6032.751547,4,-53.333332,0,0
Colorado,6,1972,2207259,21.3,35.62492371,0.32300001,0,1,0,0,0,1,0,11998000000,5435.701021,4,-53.333332,0,0
Connecticut,7,1972,3031709,626.1,60.79284668,0.29260001,0,1,0,0,0,1,0,17128800000,5649.882624,4,-53.333332,0,0
Delaware,8,1972,548104,281.3,46.51922607,0.31400001,0,1,0,0,0,1,0,3623400000,6610.789193,4,-53.333332,0,0
Florida,9,1972,6789443,126.6,31.30678177,0.1753,0,1,1,1,0,1,0,34161000000,5031.487855,4,-53.333332,1,0
Georgia,10,1972,4589575,79.8,28.48366737,0.095454544,0,1,0,0,1,1,0,21570300000,4699.846936,4,-53.333332,1,0
Hawaii,11,1972,768561,119.7,65.16777039,0.40366668,0,1,0,0,0,1,0,5187700000,6749.887127,4,-53.333332,1,0
Idaho,12,1972,712567,8.6,47.44565964,0.384,0,1,0,0,0,1,0,3265300000,4582.446282,4,-53.333332,0,0
Illinois,13,1972,11113976,200.2,50.82181168,0.41446152,0,1,1,1,0,1,0,67378900000,6062.537835,4,-53.333332,0,0
Indiana,14,1972,5193669,145,47.50709915,0.31228572,0,1,1,1,0,1,0,26882300000,5175.974826,4,-53.333332,0,0
Iowa,15,1972,2824376,50.6,45.56496811,0.43833333,0,1,0,0,0,1,0,13666200000,4838.661708,4,-53.333332,0,0
Kansas,16,1972,2246578,27.5,46.28167343,0.248,0,1,0,0,0,1,0,10824500000,4818.216861,4,-53.333332,0,0
Kentucky,17,1972,3218706,81.5,47.1294899,0.25033334,0,1,0,0,1,1,0,15568200000,4836.788449,4,-53.333332,0,0
Louisiana,18,1972,3641306,84.3,24.4491787,0.081749998,0,1,0,0,1,1,0,18633800000,5117.339768,4,-53.333332,1,0
Maine,19,1972,992048,32.2,61.911026,0.40133333,0,1,0,0,0,1,1,4207200000,4240.923826,4,-53.333332,0,0
Maryland,20,1972,3922399,404.1,55.36643982,0.31119999,0,1,1,1,0,1,0,20501200000,5226.699273,4,-53.333332,1,0
Massachusetts,21,1972,5689170,729.4,74.4211731,0.37400001,0,1,1,1,0,1,0,30988500000,5446.928111,4,-53.333332,0,0
Michigan,22,1972,8875083,157,54.1600914,0.48212498,0,1,1,1,0,1,0,51704200000,5825.770869,4,-53.333332,0,0
Minnesota,23,1972,3804971,47.8,59.44363022,0.42516667,0,1,0,0,0,1,1,20035400000,5265.585467,4,-53.333332,0,0
Mississippi,24,1972,2216912,47.2,14.08849049,0.019714285,0,1,0,0,1,1,0,7923100000,3573.935276,4,-53.333332,1,0
Missouri,25,1972,4676501,68,40.29920197,0.31927273,0,1,0,0,0,1,0,24244700000,5184.367543,4,-53.333332,1,0
Montana,26,1972,694409,4.8,48.86542892,0.417,0,1,0,0,0,1,0,3143300000,4526.583037,4,-53.333332,0,0
Nebraska,27,1972,1483493,19.3,28.95242882,0.18033333,0,1,1,1,0,1,0,7660100000,5163.556552,4,-53.333332,1,0
Nevada,28,1972,488738,4.5,35.11223602,0.15566666,0,1,0,0,0,1,0,3611100000,7388.621306,4,-53.333332,0,0
New Hampshire,29,1972,737681,82.4,38.64900208,0.27900001,0,1,1,1,0,1,0,3332200000,4517.128678,4,-53.333332,0,0
New Jersey,30,1972,7168164,974.7,63.86962128,0.40799999,0,1,1,1,0,1,0,41306600000,5762.507666,4,-53.333332,0,0
New Mexico,31,1972,1016000,8.4,36.48023224,0.12633333,0,1,1,1,0,1,0,4821500000,4745.570866,4,-53.333332,1,0
New York,32,1972,18236967,387,59.3776741,0.4235,0,1,1,1,0,1,0,1.19E+11,6533.158721,4,-53.333332,0,0
North Carolina,33,1972,5082059,104.5,19.33430862,0.10922223,0,1,1,1,1,1,0,25035500000,4926.251348,4,-53.333332,1,0
North Dakota,34,1972,617761,9,52.26589203,0.3955,0,1,0,0,0,1,0,2631900000,4260.385489,4,-53.333332,0,0
Ohio,35,1972,10652017,260.7,48.59169769,0.41114286,0,1,1,1,0,1,0,57974700000,5442.60303,4,-53.333332,0,0
Oklahoma,36,1972,2559229,37.3,36.62922287,0.28560001,0,1,0,0,1,1,0,11278200000,4406.874102,4,-53.333332,1,0
Oregon,37,1972,2091385,21.8,44.44236374,0.30500001,0,1,1,1,0,1,0,10864300000,5194.787186,4,-53.333332,0,0
Pennsylvania,38,1972,11793909,263.6,58.16867065,0.37685713,0,1,1,1,0,1,0,60293400000,5112.249043,4,-53.333332,0,0
Rhode Island,39,1972,946725,915.8,68.34889984,0.33425,0,1,1,1,0,1,0,4599000000,4857.799255,4,-53.333332,1,0
South Carolina,40,1972,2590516,86.2,25.13905334,0.12114286,0,1,0,0,1,1,0,10550500000,4072.74072,4,-53.333332,1,0
South Dakota,41,1972,665507,8.8,49.87552261,0.61266667,0,1,1,1,0,1,1,2656100000,3991.092505,4,-53.333332,0,0
Tennessee,42,1972,3923687,95.2,35.55427933,0.31099999,0,1,1,1,1,1,0,17867200000,4553.676172,4,-53.333332,0,0
Texas,43,1972,11196730,42.9,29.01595497,0.21485715,0,1,0,0,1,1,0,57343800000,5121.477431,4,-53.333332,1,0
Utah,44,1972,1059273,12.9,47.92219543,0.32499999,0,1,0,0,0,1,0,4936400000,4660.17731,4,-53.333332,0,0
Vermont,45,1972,444330,48.2,57.13916397,0.37,0,1,0,0,0,1,0,2121900000,4775.504692,4,-53.333332,0,0
Virginia,46,1972,4648494,117.7,14.23672962,-0.052999996,0,1,0,0,1,1,0,23157300000,4981.677937,4,-53.333332,0,0
Washington,47,1972,3409169,51.3,64.60108948,0.3725,0,1,0,0,0,1,0,18761200000,5503.159274,4,-53.333332,0,0
West Virginia,48,1972,1744237,72.6,52.66188812,0.31514287,0,1,1,1,1,1,0,7601600000,4358.123351,4,-53.333332,0,0
Wisconsin,49,1972,4417731,81.6,59.29388809,0.4692857,0,1,1,1,0,1,0,22083100000,4998.742567,4,-53.333332,0,0
Wyoming,50,1972,332416,3.4,37.4424057,0.34849998,0,1,0,0,0,1,0,2099900000,6317.084617,4,-53.333332,0,0
Alabama,1,1976,3444165,68,20.88055992,0.15800001,0,0,1,1,1,2,1,21346000000,6197.728622,8,-426.66666,1,0
Alaska,2,1976,300382,0.5,50.00178909,0.28400001,0,0,0,0,0,2,0,6220100000,20707.29937,8,-426.66666,0,0
Arizona,3,1976,1770900,15.6,37.35772705,0.38699999,0,0,0,0,0,2,1,15284300000,8630.809193,8,-426.66666,0,0
Arkansas,4,1976,1923295,37,28.63758278,0.25959998,0,0,1,1,1,2,0,11942000000,6209.135884,8,-426.66666,1,0
California,5,1976,19953134,128.1,57.05590439,0.45836666,0,0,1,1,0,2,0,1.78E+11,8940.645615,8,-426.66666,1,0
Colorado,6,1976,2207259,21.3,49.10158157,0.34720001,0,0,0,0,0,2,0,20165900000,9136.172964,8,-426.66666,0,0
Connecticut,7,1976,3031709,626.1,78.82682037,0.32980001,0,0,0,0,0,2,0,23975800000,7908.344765,8,-426.66666,1,0
Delaware,8,1976,548104,281.3,52.96027756,0.31400001,0,0,0,0,0,2,0,5025500000,9168.880358,8,-426.66666,1,0
Florida,9,1976,6789443,126.6,33.07110214,0.20041667,0,0,1,1,0,2,0,55288100000,8143.24533,8,-426.66666,1,0
Georgia,10,1976,4589575,79.8,19.98972893,0.06408333,0,0,1,1,1,2,1,31994600000,6971.146566,8,-426.66666,1,0
Hawaii,11,1976,768561,119.7,63.26770782,0.40366668,0,0,0,0,0,2,0,8172700000,10633.76882,8,-426.66666,1,0
Idaho,12,1976,712567,8.6,38.67419052,0.384,0,0,1,1,0,2,1,5834700000,8188.282646,8,-426.66666,0,0
Illinois,13,1976,11113976,200.2,58.41142273,0.40439999,0,0,1,1,0,2,0,95879700000,8626.948628,8,-426.66666,1,0
Indiana,14,1976,5193669,145,55.44239807,0.26863638,0,0,1,1,0,2,0,37677300000,7254.466929,8,-426.66666,0,0
Iowa,15,1976,2824376,50.6,58.30363083,0.36657143,0,0,0,0,0,2,0,21992900000,7786.817336,8,-426.66666,0,0
Kansas,16,1976,2246578,27.5,49.85861206,0.23100001,0,0,0,0,0,2,0,16854800000,7502.432589,8,-426.66666,0,0
Kentucky,17,1976,3218706,81.5,43.11535263,0.23842858,0,0,0,0,1,2,0,22809900000,7086.667748,8,-426.66666,1,0
Louisiana,18,1976,3641306,84.3,23.37691307,0.16775,0,0,0,0,1,2,0,30675200000,8424.230208,8,-426.66666,1,0
Maine,19,1976,992048,32.2,73.2591095,0.42199999,0,0,0,0,0,2,0,5995600000,6043.659178,8,-426.66666,0,0
Maryland,20,1976,3922399,404.1,60.24123383,0.3114,0,0,1,1,0,2,0,29596700000,7545.560765,8,-426.66666,1,0
Massachusetts,21,1976,5689170,729.4,86.87365723,0.38699999,0,0,1,1,0,2,0,41910200000,7366.663327,8,-426.66666,1,0
Michigan,22,1976,8875083,157,58.31306839,0.43861538,0,0,1,1,0,2,0,67045600000,7554.363154,8,-426.66666,0,0
Minnesota,23,1976,3804971,47.8,66.28863525,0.428,0,0,0,0,0,2,0,29683000000,7801.110705,8,-426.66666,1,0
Mississippi,24,1976,2216912,47.2,14.16105461,0.061999999,0,0,0,0,1,2,0,12292000000,5544.649494,8,-426.66666,1,0
Missouri,25,1976,4676501,68,45.0438385,0.33327273,0,0,0,0,0,2,0,33001400000,7056.857253,8,-426.66666,0,0
Montana,26,1976,694409,4.8,53.34100342,0.36575001,0,0,1,1,0,2,0,5218400000,7514.879559,8,-426.66666,1,0
Nebraska,27,1976,1483493,19.3,32.14456558,0.18033333,0,0,1,1,0,2,0,11874900000,8004.688933,8,-426.66666,1,0
Nevada,28,1976,488738,4.5,37.1838913,0.1425,0,0,1,1,0,2,0,5529400000,11313.62816,8,-426.66666,1,0
New Hampshire,29,1976,737681,82.4,45.66822052,0.29300001,0,0,1,1,0,2,0,4841700000,6563.406134,8,-426.66666,0,0
New Jersey,30,1976,7168164,974.7,78.72811127,0.37384614,0,0,1,1,0,2,0,56051800000,7819.547655,8,-426.66666,1,0
New Mexico,31,1976,1016000,8.4,23.98958969,0.089000002,0,0,0,0,0,2,0,8098300000,7970.767717,8,-426.66666,1,0
New York,32,1976,18236967,387,67.73038483,0.39571428,0,0,1,1,0,2,0,1.55E+11,8513.235781,8,-426.66666,0,0
North Carolina,33,1976,5082059,104.5,23.87377167,0.189,0,0,1,1,1,2,0,35997800000,7083.310131,8,-426.66666,0,0
North Dakota,34,1976,617761,9,46.07543182,0.37099999,0,0,0,0,0,2,0,4869000000,7881.688873,8,-426.66666,0,0
Ohio,35,1976,10652017,260.7,53.78625107,0.34655556,0,0,1,1,0,2,0,78141200000,7335.812551,8,-426.66666,0,0
Oklahoma,36,1976,2559229,37.3,27.69412613,0.2014,0,0,0,0,1,2,0,18163100000,7097.098384,8,-426.66666,1,0
Oregon,37,1976,2091385,21.8,72.13575745,0.3125,0,0,1,1,0,2,0,16822500000,8043.712659,8,-426.66666,1,0
Pennsylvania,38,1976,11793909,263.6,62.02325821,0.36771429,0,0,1,1,0,2,0,84119900000,7132.486778,8,-426.66666,1,0
Rhode Island,39,1976,946725,915.8,85.11244202,0.30724999,0,0,1,1,0,2,0,6002400000,6340.172701,8,-426.66666,1,0
South Carolina,40,1976,2590516,86.2,27.94053268,0.2245,0,0,0,0,1,2,0,16029900000,6187.917774,8,-426.66666,0,0
South Dakota,41,1976,665507,8.8,56.64666748,0.65799999,0,0,1,1,0,2,0,4400100000,6611.650967,8,-426.66666,0,0
Tennessee,42,1976,3923687,95.2,39.14083099,0.27883333,0,0,1,1,1,2,0,26645500000,6790.934139,8,-426.66666,1,0
Texas,43,1976,11196730,42.9,27.59511566,0.22034782,0,0,1,1,1,2,0,98803800000,8824.344251,8,-426.66666,1,0
Utah,44,1976,1059273,12.9,44.20972443,0.31966665,0,0,0,0,0,2,0,8185900000,7727.847307,8,-426.66666,1,0
Vermont,45,1976,444330,48.2,75.4630661,0.37,0,0,1,1,0,2,0,2807300000,6318.051898,8,-426.66666,0,0
Virginia,46,1976,4648494,117.7,19.78206062,0.052200004,0,0,0,0,1,2,0,35067000000,7543.733519,8,-426.66666,0,0
Washington,47,1976,3409169,51.3,71.79954529,0.36524999,0,0,0,0,0,2,0,29282000000,8589.189917,8,-426.66666,0,0
West Virginia,48,1976,1744237,72.6,49.23109436,0.30683333,0,0,1,1,1,2,0,11973000000,6864.31947,8,-426.66666,0,0
Wisconsin,49,1976,4417731,81.6,62.50439835,0.44355553,0,0,1,1,0,2,0,32295000000,7310.313824,8,-426.66666,1,0
Wyoming,50,1976,332416,3.4,31.7882843,0.34849998,0,0,0,0,0,2,0,3982600000,11980.77108,8,-426.66666,0,0
Alabama,1,1980,3893888,76.9,29.83551788,0.13599999,1,0,1,1,1,0,0,33711900000,8657.645007,0,0,1,0
Alaska,2,1980,401851,0.7,41.83322525,0.28400001,1,0,0,0,0,3,0,10891400000,27103.0805,12,-1376,0,0
Arizona,3,1980,2718215,23.9,21.29393768,0.091333337,1,0,0,0,0,3,0,27495400000,10115.24107,12,-1376,0,0
Arkansas,4,1980,2286435,43.9,33.91094208,0.33700001,1,0,1,0,1,0,0,19099100000,8353.222375,0,0,1,0
California,5,1980,23667902,151.9,50.04773331,0.45659259,1,0,1,1,0,3,1,2.93E+11,12400.3978,12,-1376,1,0
Colorado,6,1980,2889964,27.9,44.6804924,0.3175,1,0,0,0,0,3,0,33784700000,11690.35324,12,-1376,0,0
Connecticut,7,1980,3107576,641.7,73.12711334,0.33399999,1,0,1,1,0,3,0,36854500000,11859.56514,12,-1376,1,0
Delaware,8,1980,594338,305,44.21767807,0.31400001,1,0,0,0,0,3,0,7304200000,12289.6399,12,-1376,0,0
Florida,9,1980,9746324,181.8,30.86329651,0.21778572,1,0,1,1,0,3,0,86263000000,8850.824167,12,-1376,1,0
Georgia,10,1980,5463105,95,20.15982628,0.019090908,1,0,1,1,1,0,1,51550000000,9436.02585,0,0,1,0
Hawaii,11,1980,964691,150.2,49.62852478,0.34650001,1,0,0,0,0,3,0,11869000000,12303.42151,12,-1376,1,0
Idaho,12,1980,943935,11.4,23.70716095,0.384,1,0,0,1,0,0,0,9285900000,9837.43584,0,0,0,0
Illinois,13,1980,11426518,205.8,50.41311264,0.41683334,1,0,1,1,0,0,0,1.39E+11,12186.80091,0,0,0,0
Indiana,14,1980,5490224,153.2,40.12058258,0.220375,1,0,1,1,0,3,0,57917500000,10549.20528,12,-1376,0,0
Iowa,15,1980,2913808,52.2,45.04454422,0.3285,1,0,0,0,0,3,0,33496000000,11495.60987,12,-1376,0,0
Kansas,16,1980,2363679,28.9,32.69921494,0.133,1,0,1,1,0,3,0,26300400000,11126.8916,12,-1376,0,0
Kentucky,17,1980,3660777,92.7,36.6405983,0.241,1,0,1,1,1,3,0,35838000000,9789.724968,12,-1376,1,0
Louisiana,18,1980,4205900,97.3,22.58218575,0.1565,1,0,1,1,1,3,0,51653200000,12281.12889,12,-1376,1,0
Maine,19,1980,1124660,36.5,53.13285828,0.36300001,1,0,0,0,0,3,0,9335000000,8300.286309,12,-1376,0,0
Maryland,20,1980,4216975,434.4,59.74798584,0.32571429,1,0,1,1,0,3,0,43627700000,10345.73361,12,-1376,1,0
Massachusetts,21,1980,5737037,735.5,78.58565521,0.38949999,1,0,1,1,0,3,1,62964500000,10975.09045,12,-1376,1,0
Michigan,22,1980,9262078,163.8,58.87391281,0.43893749,1,0,0,1,0,3,0,1.05E+11,11381.18249,12,-1376,0,0
Minnesota,23,1980,4075970,51.2,56.62048721,0.47825,1,0,0,0,0,3,0,46861200000,11496.94429,12,-1376,0,0
Mississippi,24,1980,2520638,53.7,11.92552376,0.083499998,1,0,0,1,1,3,0,20010800000,7938.783752,12,-1376,1,0
Missouri,25,1980,4916686,71.5,41.98057938,0.32577777,1,0,0,0,0,3,0,50600700000,10291.62733,12,-1376,1,0
Montana,26,1980,786690,5.4,53.60785675,0.28533334,1,0,1,1,0,0,0,8172500000,10388.46305,0,0,0,0
Nebraska,27,1980,1569825,20.4,31.38100052,0.18033333,1,0,1,1,0,3,0,17422900000,11098.62564,12,-1376,0,0
Nevada,28,1980,800493,7.3,21.97628593,0.1425,1,0,1,1,0,0,0,10294900000,12860.69959,0,0,0,0
New Hampshire,29,1980,920610,102.8,37.7613678,0.30000001,1,0,1,1,0,3,0,8351200000,9071.376587,12,-1376,0,0
New Jersey,30,1980,7364823,"1,001.40",64.75930786,0.34891665,1,0,1,1,0,3,0,81050600000,11005.09815,12,-1376,1,0
New Mexico,31,1980,1302894,10.7,12.30188942,-0.090999998,1,0,1,1,0,0,0,13140500000,10085.62477,0,0,1,0
New York,32,1980,17558072,372.6,61.65207672,0.39996296,1,0,1,1,0,3,0,2.18E+11,12400.2567,12,-1376,0,0
North Carolina,33,1980,5881766,121,24.21839905,0.2042,1,0,1,1,1,3,0,54514700000,9268.423803,12,-1376,1,0
North Dakota,34,1980,652717,9.5,42.290905,0.37099999,1,0,0,0,0,3,0,7218400000,11059.00413,12,-1376,0,0
Ohio,35,1980,10797630,264.3,46.77157974,0.315,1,0,1,1,0,3,0,1.17E+11,10846.57466,12,-1376,0,0
Oklahoma,36,1980,3025290,44.1,22.31111526,0.16500001,1,0,0,0,1,3,0,31546300000,10427.52926,12,-1376,1,0
Oregon,37,1980,2633105,27.4,57.13175964,0.3125,1,0,1,1,0,3,0,28372400000,10775.26342,12,-1376,0,0
Pennsylvania,38,1980,11863895,265.2,49.93015671,0.29225001,1,0,1,1,0,3,0,1.21E+11,10159.17622,12,-1376,0,0
Rhode Island,39,1980,947154,916.2,69.45392609,0.32433334,1,0,1,1,0,3,0,8844600000,9338.080185,12,-1376,1,0
South Carolina,40,1980,3121820,103.9,28.66203117,0.26300001,1,0,0,0,1,3,0,25506700000,8170.458258,12,-1376,1,0
South Dakota,41,1980,690768,9.1,53.95739365,0.43800002,1,0,1,1,0,3,0,6715900000,9722.366989,12,-1376,0,0
Tennessee,42,1980,4591120,111.3,40.45122528,0.27333334,1,0,1,1,1,3,0,42194000000,9190.350067,12,-1376,0,0
Texas,43,1980,14229191,54.5,22.79963875,0.20152381,1,0,1,1,1,0,0,1.72E+11,12060.24995,0,0,0,0
Utah,44,1980,1461037,17.8,18.27813339,0.25400001,1,0,0,0,0,3,0,13708700000,9382.856149,12,-1376,0,0
Vermont,45,1980,511456,55.5,71.11643982,0.37,1,0,1,1,0,3,0,4398600000,8600.153288,12,-1376,0,0
Virginia,46,1980,5346818,135.4,20.23410416,0.049000006,1,0,0,0,1,3,0,53397800000,9986.837031,12,-1376,0,0
Washington,47,1980,4132156,62.2,54.84112167,0.35025001,1,0,0,0,0,3,0,48712700000,11788.68852,12,-1376,0,0
West Virginia,48,1980,1949644,81.1,47.19655228,0.29414284,1,0,1,1,1,3,0,17424400000,8937.221359,12,-1376,1,0
Wisconsin,49,1980,4705767,86.9,54.12539291,0.4585,1,0,1,1,0,3,0,50100800000,10646.68098,12,-1376,0,0
Wyoming,50,1980,469557,4.8,32.84296036,0.34849998,1,0,0,0,0,3,0,8062700000,17170.8653,12,-1376,0,0
Alabama,1,1984,3893888,76.9,35.09223175,0.09533333,0,1,1,1,1,1,0,45678600000,11730.84588,4,-53.333332,1,0
Alaska,2,1984,401851,0.7,44.55486298,0.28400001,0,1,0,0,0,4,0,22591200000,56217.85189,16,-2901.3333,0,0
Arizona,3,1984,2718215,23.9,38.63868332,0.29966667,0,1,0,0,0,4,0,39774000000,14632.39663,16,-2901.3333,0,0
Arkansas,4,1984,2286435,43.9,41.13545609,0.33700001,0,1,0,0,1,1,0,25291900000,11061.71835,4,-53.333332,1,0
California,5,1984,23667902,151.9,50.12256241,0.456,0,1,1,1,0,4,0,4.26E+11,18005.11089,16,-2901.3333,0,0
Colorado,6,1984,2889964,27.9,42.48664474,0.3175,0,1,0,0,0,4,1,50717600000,17549.56117,16,-2901.3333,0,0
Connecticut,7,1984,3107576,641.7,73.02814484,0.3682,0,1,1,0,0,0,0,55528100000,17868.62172,0,0,1,0
Delaware,8,1984,594338,305,45.18299866,0.24450001,0,1,0,0,0,4,0,10611000000,17853.47731,16,-2901.3333,0,0
Florida,9,1984,9746324,181.8,37.51832199,0.21250001,0,1,1,1,0,4,0,1.37E+11,14032.80868,16,-2901.3333,1,0
Georgia,10,1984,5463105,95,29.69035339,0.026636364,0,1,1,1,1,1,0,76737600000,14046.5175,4,-53.333332,1,0
Hawaii,11,1984,964691,150.2,70.98988342,0.34650001,0,1,0,0,0,4,0,17260300000,17892.05041,16,-2901.3333,1,0
Idaho,12,1984,943935,11.4,22.93154907,0.384,0,1,1,1,0,0,0,11834200000,12537.09207,0,0,0,0
Illinois,13,1984,11426518,205.8,53.43735504,0.4177143,0,1,1,1,0,1,0,1.73E+11,15150.66095,4,-53.333332,0,0
Indiana,14,1984,5490224,153.2,46.31351852,0.25439999,0,1,1,1,0,4,0,69334800000,12628.77435,16,-2901.3333,0,0
Iowa,15,1984,2913808,52.2,48.93241882,0.30133334,0,1,0,0,0,4,0,37480800000,12863.16737,16,-2901.3333,0,0
Kansas,16,1984,2363679,28.9,35.4473381,0.116,0,1,0,0,0,0,0,35257100000,14916.19632,0,0,0,0
Kentucky,17,1984,3660777,92.7,47.88339615,0.241,0,1,0,0,1,0,0,44091800000,12044.38293,0,0,1,0
Louisiana,18,1984,4205900,97.3,29.8156662,0.127875,0,1,1,1,1,0,0,76880600000,18279.2268,0,0,0,0
Maine,19,1984,1124660,36.5,61.9696312,0.347,0,1,0,0,0,4,0,13238600000,11771.20196,16,-2901.3333,1,0
Maryland,20,1984,4216975,434.4,64.17375946,0.30700001,0,1,1,1,0,4,0,62205100000,14751.11899,16,-2901.3333,1,0
Massachusetts,21,1984,5737037,735.5,74.83087921,0.39591667,0,1,1,1,0,4,0,93053600000,16219.80127,16,-2901.3333,1,0
Michigan,22,1984,9262078,163.8,60.72570038,0.42614287,0,1,0,0,0,0,0,1.28E+11,13793.23301,0,0,1,0
Minnesota,23,1984,4075970,51.2,58.27758026,0.36179999,0,1,0,0,0,4,1,61950400000,15198.93424,16,-2901.3333,1,0
Mississippi,24,1984,2520638,53.7,29.57356834,0.11475,0,1,0,0,1,4,0,25967300000,10301.87595,16,-2901.3333,1,0
Missouri,25,1984,4916686,71.5,52.95508957,0.34557143,0,1,0,0,0,4,0,65538000000,13329.7103,16,-2901.3333,0,0
Montana,26,1984,786690,5.4,46.80391693,0.28533334,0,1,1,1,0,1,0,10583700000,13453.45689,4,-53.333332,0,0
Nebraska,27,1984,1569825,20.4,19.578228,0.15450001,0,1,1,1,0,4,0,21820000000,13899.63849,16,-2901.3333,1,0
Nevada,28,1984,800493,7.3,36.44897461,0.27599999,0,1,0,0,0,1,0,15059800000,18813.15639,4,-53.333332,1,0
New Hampshire,29,1984,920610,102.8,36.65373993,0.17,0,1,1,1,0,4,0,12629200000,13718.29548,16,-2901.3333,0,0
New Jersey,30,1984,7364823,"1,001.40",67.22895813,0.3260909,0,1,1,1,0,4,0,1.18E+11,16016.94976,16,-2901.3333,0,0
New Mexico,31,1984,1302894,10.7,50.52857971,0.29350001,0,1,1,1,0,0,0,19882200000,15260.02883,0,0,1,0
New York,32,1984,17558072,372.6,61.44132614,0.40252382,0,1,1,1,0,4,0,3.05E+11,17387.32476,16,-2901.3333,0,0
North Carolina,33,1984,5881766,121,36.11636734,0.20066667,0,1,1,1,1,4,0,77543000000,13183.62546,16,-2901.3333,1,0
North Dakota,34,1984,652717,9.5,73.870224,0.31900001,0,1,1,1,0,4,0,10045500000,15390.284,16,-2901.3333,0,0
Ohio,35,1984,10797630,264.3,53.84260941,0.33175001,0,1,1,1,0,4,0,1.45E+11,13419.29664,16,-2901.3333,1,0
Oklahoma,36,1984,3025290,44.1,35.46139908,0.13716666,0,1,0,0,1,4,0,47700900000,15767.38098,16,-2901.3333,1,0
Oregon,37,1984,2633105,27.4,56.52190399,0.28733334,0,1,1,1,0,4,0,33727300000,12808.94609,16,-2901.3333,0,0
Pennsylvania,38,1984,11863895,265.2,57.63808441,0.33207691,0,1,1,1,0,4,0,1.52E+11,12815.51295,16,-2901.3333,0,0
Rhode Island,39,1984,947154,916.2,73.42854309,0.34349999,0,1,1,1,0,4,0,12323200000,13010.76699,16,-2901.3333,1,0
South Carolina,40,1984,3121820,103.9,38.56886673,0.21600001,0,1,0,1,1,4,1,35850200000,11483.74986,16,-2901.3333,1,0
South Dakota,41,1984,690768,9.1,49.82766724,0.303,0,1,1,1,0,4,0,8123000000,11759.37507,16,-2901.3333,0,0
Tennessee,42,1984,4591120,111.3,43.61457062,0.25742859,0,1,1,1,1,4,0,57073100000,12431.19326,16,-2901.3333,0,0
Texas,43,1984,14229191,54.5,35.3639679,0.19990909,0,1,0,1,1,0,0,2.65E+11,18615.44342,0,0,1,0
Utah,44,1984,1461037,17.8,24.83245277,0.25400001,0,1,0,0,0,4,0,19751900000,13519.09637,16,-2901.3333,0,0
Vermont,45,1984,511456,55.5,69.97075653,0.37,0,1,1,1,0,4,0,6268900000,12256.96834,16,-2901.3333,0,0
Virginia,46,1984,5346818,135.4,28.39552116,0.08625,0,1,0,0,1,4,0,79438900000,14857.2291,16,-2901.3333,1,0
Washington,47,1984,4132156,62.2,55.18959427,0.35483333,0,1,0,0,0,4,0,67948800000,16443.90967,16,-2901.3333,0,0
West Virginia,48,1984,1949644,81.1,64.49884796,0.29816666,0,1,1,1,1,4,0,20403300000,10465.14133,16,-2901.3333,1,0
Wisconsin,49,1984,4705767,86.9,51.08834839,0.41514286,0,1,1,1,0,4,0,63169900000,13423.9328,16,-2901.3333,1,0
Wyoming,50,1984,469557,4.8,26.86707878,0.34849998,0,1,0,0,0,4,0,11578000000,24657.28335,16,-2901.3333,0,0
Alabama,1,1988,3893888,76.9,38.51693344,0.093857139,0,0,1,1,1,0,0,60751800000,15601.83549,0,0,0,1
Alaska,2,1988,401851,0.7,54.29391861,0.28400001,0,0,0,0,0,5,0,22925400000,57049.50342,20,-4938.6665,0,1
Arizona,3,1988,2718215,23.9,38.00208664,0.30149999,0,0,0,0,0,5,0,60046700000,22090.48953,20,-4938.6665,0,1
Arkansas,4,1988,2286435,43.9,50.92506409,0.27219999,0,0,1,1,1,0,0,32663600000,14285.8205,0,0,1,1
California,5,1988,23667902,151.9,53.22955704,0.45410344,0,0,1,1,0,5,0,6.15E+11,25999.74852,20,-4938.6665,0,1
Colorado,6,1988,2889964,27.9,42.35702133,0.25349998,0,0,0,0,0,5,0,63919800000,22117.85337,20,-4938.6665,0,1
Connecticut,7,1988,3107576,641.7,77.9734726,0.37150002,0,0,1,1,0,1,0,82983700000,26703.67515,4,-53.333332,1,1
Delaware,8,1988,594338,305,59.77617264,0.24450001,0,0,0,0,0,5,0,15567900000,26193.68104,20,-4938.6665,0,1
Florida,9,1988,9746324,181.8,40.33324814,0.23328571,0,0,1,1,0,5,0,2.05E+11,21014.73335,20,-4938.6665,0,1
Georgia,10,1988,5463105,95,39.64805222,0.17109999,0,0,1,1,1,0,0,1.17E+11,21422.39624,0,0,1,1
Hawaii,11,1988,964691,150.2,66.81409454,0.37233335,0,0,0,0,0,5,0,24272600000,25161.01011,20,-4938.6665,1,1
Idaho,12,1988,943935,11.4,26.04142761,0.083999999,0,0,1,1,0,0,0,13996000000,14827.29213,0,0,0,1
Illinois,13,1988,11426518,205.8,53.42764282,0.39893749,0,0,1,1,0,0,0,2.31E+11,20234.51939,0,0,0,1
Indiana,14,1988,5490224,153.2,47.4295845,0.25033334,0,0,1,1,0,0,0,91650500000,16693.39903,0,0,0,1
Iowa,15,1988,2913808,52.2,54.32581711,0.33766666,0,0,0,0,0,5,0,45282800000,15540.76315,20,-4938.6665,0,1
Kansas,16,1988,2363679,28.9,35.7722702,0.116,0,0,0,0,0,0,0,44163800000,18684.34758,0,0,0,1
Kentucky,17,1988,3660777,92.7,45.55263519,0.26980001,0,0,1,1,1,0,0,56282200000,15374.38637,0,0,1,1
Louisiana,18,1988,4205900,97.3,35.38049316,0.075999998,0,0,1,1,1,1,0,78487900000,18661.38044,4,-53.333332,1,1
Maine,19,1988,1124660,36.5,70.6521225,0.32749999,0,0,0,0,0,5,0,19166200000,17041.77262,20,-4938.6665,0,1
Maryland,20,1988,4216975,434.4,73.5368576,0.287375,0,0,1,1,0,5,0,91380500000,21669.68028,20,-4938.6665,1,1
Massachusetts,21,1988,5737037,735.5,89.10190582,0.38941666,0,0,1,1,0,5,1,1.39E+11,24211.01694,20,-4938.6665,1,1
Michigan,22,1988,9262078,163.8,64.02066803,0.43907693,0,0,0,1,0,1,0,1.69E+11,18272.02276,4,-53.333332,0,1
Minnesota,23,1988,4075970,51.2,62.52239227,0.36179999,0,0,0,0,0,5,0,85364800000,20943.43187,20,-4938.6665,1,1
Mississippi,24,1988,2520638,53.7,41.27409744,0.169,0,0,1,1,1,5,0,33530800000,13302.50516,20,-4938.6665,1,1
Missouri,25,1988,4916686,71.5,52.58987427,0.34780002,0,0,1,1,0,5,0,88911900000,18083.70516,20,-4938.6665,0,1
Montana,26,1988,786690,5.4,51.95367432,0.28533334,0,0,1,1,0,2,0,11383300000,14469.86742,8,-426.66666,0,1
Nebraska,27,1988,1569825,20.4,37.73205948,0.15450001,0,0,1,1,0,0,0,26759500000,17046.16757,0,0,0,1
Nevada,28,1988,800493,7.3,50.99674225,0.22999999,0,0,0,0,0,0,0,21950700000,27421.47652,0,0,0,1
New Hampshire,29,1988,920610,102.8,41.31595612,0.17,0,0,1,1,0,5,0,20994000000,22804.44488,20,-4938.6665,0,1
New Jersey,30,1988,7364823,"1,001.40",69.92195892,0.32879999,0,0,1,1,0,0,0,1.75E+11,23711.21478,0,0,0,1
New Mexico,31,1988,1302894,10.7,46.8981514,0.29350001,0,0,1,1,0,1,0,22429400000,17215.06124,4,-53.333332,0,1
New York,32,1988,17558072,372.6,67.80090332,0.40928572,0,0,1,1,0,5,0,4.18E+11,23824.11919,20,-4938.6665,0,1
North Carolina,33,1988,5881766,121,43.52318573,0.22766666,0,0,1,1,1,5,0,1.13E+11,19256.47841,20,-4938.6665,0,1
North Dakota,34,1988,652717,9.5,68.93792725,0.31133333,0,0,1,1,0,0,0,10305900000,15789.23178,0,0,0,1
Ohio,35,1988,10797630,264.3,49.4199791,0.3033846,0,0,1,1,0,0,0,1.92E+11,17761.694,0,0,0,1
Oklahoma,36,1988,3025290,44.1,36.01776505,0.14560001,0,0,1,1,1,5,0,49055300000,16215.0736,20,-4938.6665,0,1
Oregon,37,1988,2633105,27.4,65.17717743,0.32666665,0,0,1,1,0,5,0,44594400000,16936.05078,20,-4938.6665,1,1
Pennsylvania,38,1988,11863895,265.2,63.52940369,0.32108334,0,0,1,1,0,5,0,2.03E+11,17103.18576,20,-4938.6665,0,1
Rhode Island,39,1988,947154,916.2,79.1229248,0.34349999,0,0,1,1,0,5,0,17890600000,18888.79739,20,-4938.6665,0,1
South Carolina,40,1988,3121820,103.9,46.08826447,0.18380001,0,0,0,0,1,5,1,52688400000,16877.46251,20,-4938.6665,0,1
South Dakota,41,1988,690768,9.1,60.74427795,0.27649999,0,0,1,1,0,5,0,10669300000,15445.56204,20,-4938.6665,0,1
Tennessee,42,1988,4591120,111.3,48.74940872,0.24688889,0,0,1,1,1,0,1,80715000000,17580.67748,0,0,1,1
Texas,43,1988,14229191,54.5,39.6860199,0.25916666,0,0,1,1,1,0,0,3.01E+11,21130.30179,0,0,0,1
Utah,44,1988,1461037,17.8,37.89061356,0.25299999,0,0,0,0,0,5,0,25100000000,17179.57861,20,-4938.6665,0,1
Vermont,45,1988,511456,55.5,78.28534698,0.37,0,0,1,1,0,5,0,9156600000,17903.00632,20,-4938.6665,1,1
Virginia,46,1988,5346818,135.4,39.80485535,0.107,0,0,1,1,1,5,0,1.18E+11,21994.91361,20,-4938.6665,1,1
Washington,47,1988,4132156,62.2,64.70868683,0.37150002,0,0,0,0,0,5,0,90325300000,21859.12149,20,-4938.6665,1,1
West Virginia,48,1988,1949644,81.1,63.16844177,0.31133333,0,0,1,1,1,5,0,23425400000,12015.21919,20,-4938.6665,0,1
Wisconsin,49,1988,4705767,86.9,51.16662598,0.42516667,0,0,1,1,0,0,0,82013100000,17428.21096,0,0,0,1
Wyoming,50,1988,469557,4.8,30.01879501,0.34849998,0,0,0,0,0,5,0,10369600000,22083.79387,20,-4938.6665,0,1
Alabama,1,1992,4040587,79.8,39.80907822,0.10528571,0,1,1,1,1,1,0,76043300000,18819.86454,4,-53.333332,0,1
Alaska,2,1992,550043,1,48.72006226,0.28400001,0,1,0,0,0,6,0,22282500000,40510.46918,24,-7424,0,1
Arizona,3,1992,3665228,32.3,35.66222382,0.34133333,0,1,0,0,0,6,0,73358300000,20014.66212,24,-7424,0,1
Arkansas,4,1992,2350725,45.2,40.27706146,0.3308,0,1,1,1,1,0,1,41571700000,17684.62921,0,0,1,1
California,5,1992,29760021,191,51.67015076,0.44633332,0,1,1,1,0,6,1,7.90E+11,26547.21245,24,-7424,0,1
Colorado,6,1992,3294394,31.8,46.33640289,0.25349998,0,1,1,1,0,6,0,79766200000,24212.70801,24,-7424,0,1
Connecticut,7,1992,3287116,678.8,61.63812256,0.34220001,0,1,1,1,0,2,0,1.01E+11,30870.43475,8,-426.66666,0,1
Delaware,8,1992,666168,341.9,55.0679512,0.24450001,0,1,0,0,0,6,0,21746000000,32643.41728,24,-7424,0,1
Florida,9,1992,12937926,241.3,42.77670288,0.26660001,0,1,1,1,0,6,0,2.68E+11,20688.71781,24,-7424,1,1
Georgia,10,1992,6478216,112.6,36.40839386,0.17490909,0,1,1,1,1,1,0,1.48E+11,22808.71771,4,-53.333332,1,1
Hawaii,11,1992,1108229,172.6,77.57424927,0.42075002,0,1,0,0,0,6,0,34356700000,31001.44465,24,-7424,1,1
Idaho,12,1992,1006749,12.2,34.27593613,0.1635,0,1,1,1,0,0,0,18851700000,18725.3228,0,0,0,1
Illinois,13,1992,11430602,205.9,50.7135849,0.36858824,0,1,1,1,0,1,0,2.88E+11,25236.94728,4,-53.333332,0,1
Indiana,14,1992,5544159,154.8,46.14811325,0.236375,0,1,1,1,0,1,0,1.15E+11,20677.07654,4,-53.333332,0,1
Iowa,15,1992,2776755,49.7,50.02158737,0.33766666,0,1,0,0,0,6,0,57944200000,20867.59545,24,-7424,0,1
Kansas,16,1992,2477574,30.3,33.40642929,0.116,0,1,1,1,0,1,0,53980700000,21787.7246,4,-53.333332,0,1
Kentucky,17,1992,3685296,93.3,38.34497452,0.26980001,0,1,1,1,1,0,0,71679200000,19450.05232,0,0,1,1
Louisiana,18,1992,4219973,97.7,26.69830894,0.12916666,0,1,1,1,1,2,0,96043200000,22759.19775,8,-426.66666,1,1
Maine,19,1992,1227928,39.8,72.86806488,0.3725,0,1,0,0,0,6,0,23378600000,19039.06418,24,-7424,0,1
Maryland,20,1992,4781468,492.6,64.21408081,0.31357142,0,1,1,1,0,6,0,1.15E+11,24140.61958,24,-7424,1,1
Massachusetts,21,1992,6016425,771.3,84.12802887,0.41238463,0,1,1,1,0,6,1,1.61E+11,26714.80156,24,-7424,0,1
Michigan,22,1992,9295297,164.4,60.90110779,0.43884614,0,1,1,1,0,2,0,1.98E+11,21270.67053,8,-426.66666,0,1
Minnesota,23,1992,4375099,54.9,55.56862259,0.36285713,0,1,0,0,0,6,0,1.06E+11,24251.45122,24,-7424,0,1
Mississippi,24,1992,2573216,54.8,28.97668839,0.1082,0,1,1,1,1,0,0,40862100000,15879.77846,0,0,1,1
Missouri,25,1992,5117073,74.4,49.38701248,0.33783334,0,1,0,0,0,0,0,1.09E+11,21332.82054,0,0,0,1
Montana,26,1992,799065,5.5,40.72721481,0.26350001,0,1,1,1,0,0,0,13875200000,17364.29452,0,0,0,1
Nebraska,27,1992,1578385,20.5,38.89757156,0.21533334,0,1,1,1,0,1,0,35613300000,22563.12623,4,-53.333332,1,1
Nevada,28,1992,1201833,10.9,40.80881119,0.23366666,0,1,0,0,0,1,0,32785600000,27279.66365,4,-53.333332,1,1
New Hampshire,29,1992,1109252,123.9,37.78871918,0.14399999,0,1,1,1,0,6,0,24762600000,22323.692,24,-7424,0,1
New Jersey,30,1992,7730188,"1,051.10",60.45108414,0.33969998,0,1,1,1,0,1,0,2.22E+11,28707.58124,4,-53.333332,1,1
New Mexico,31,1992,1515069,12.5,39.72380066,0.29350001,0,1,1,1,0,2,0,30295300000,19995.98698,8,-426.66666,1,1
New York,32,1992,17990455,381.7,72.0248642,0.41886362,0,1,1,1,0,6,0,4.97E+11,27644.43701,24,-7424,0,1
North Carolina,33,1992,6628637,136.3,43.9353714,0.230625,0,1,1,1,1,6,0,1.46E+11,22081.08545,24,-7424,0,1
North Dakota,34,1992,638800,9.3,59.34207153,0.329,0,1,1,1,0,0,0,11691300000,18301.97245,0,0,0,1
Ohio,35,1992,10847115,265.5,50.9038887,0.29846153,0,1,1,1,0,1,0,2.34E+11,21570.28851,4,-53.333332,0,1
Oklahoma,36,1992,3145585,45.9,36.30744934,0.1364,0,1,1,1,1,0,0,59632100000,18957.39584,0,0,1,1
Oregon,37,1992,2842321,29.6,67.4017868,0.39225,0,1,1,1,0,6,0,59441000000,20912.83849,24,-7424,0,1
Pennsylvania,38,1992,11881643,265.6,53.75746536,0.34446153,0,1,1,1,0,6,0,2.55E+11,21475.37171,24,-7424,0,1
Rhode Island,39,1992,1003464,970.6,71.69335938,0.35600001,0,1,1,1,0,6,0,21737800000,21662.7602,24,-7424,1,1
South Carolina,40,1992,3486703,116,45.76589203,0.18380001,0,1,1,0,1,6,0,68000300000,19502.75088,24,-7424,0,1
South Dakota,41,1992,696004,9.2,49.23892975,0.27649999,0,1,1,1,0,6,0,13736100000,19735.66244,24,-7424,0,1
Tennessee,42,1992,4877185,118.3,43.8807106,0.241375,0,1,1,1,1,1,0,1.01E+11,20751.39655,4,-53.333332,1,1
Texas,43,1992,16986510,65,32.21474457,0.2467,0,1,1,1,1,0,0,3.94E+11,23169.79179,0,0,1,1
Utah,44,1992,1722850,21,30.26323318,0.16949999,0,1,0,0,0,6,0,33501000000,19445.10549,24,-7424,0,1
Vermont,45,1992,562758,61.1,76.99256897,0.37,0,1,1,1,0,6,0,11732600000,20848.39309,24,-7424,0,1
Virginia,46,1992,6187358,156.7,38.1583786,0.18642858,0,1,0,0,1,0,0,1.51E+11,24419.56648,0,0,1,1
Washington,47,1992,4866692,73.2,58.77915573,0.44633335,0,1,0,0,0,6,0,1.26E+11,25868.70096,24,-7424,0,1
West Virginia,48,1992,1793477,74.6,57.0968399,0.31133333,0,1,1,1,1,6,0,29092100000,16221.0611,24,-7424,1,1
Wisconsin,49,1992,4891769,90.3,51.91228867,0.33899999,0,1,1,1,0,0,0,1.05E+11,21418.40712,0,0,0,1
Wyoming,50,1992,453588,4.7,34.57428741,0.34849998,0,1,0,0,0,6,0,12977400000,28610.54525,24,-7424,0,1
Alabama,1,1996,4040587,79.8,33.42988205,0.23200001,1,0,1,1,1,2,0,95819100000,23714.15341,8,-426.66666,0,1
Alaska,2,1996,550043,1,29.93338776,0.28400001,1,0,0,0,0,7,0,25448800000,46266.92822,28,-10293.334,0,1
Arizona,3,1996,3665228,32.3,40.2564621,0.421,1,0,0,0,0,7,0,1.10E+11,29986.04725,28,-10293.334,0,1
Arkansas,4,1996,2350725,45.2,40.07278061,0.289,1,0,1,1,1,1,1,54611800000,23231.89654,4,-53.333332,1,1
California,5,1996,29760021,191,49.03191757,0.44716665,1,0,1,1,0,7,0,9.12E+11,30630.91925,28,-10293.334,0,1
Colorado,6,1996,3294394,31.8,42.47898865,0.24033333,1,0,1,1,0,0,0,1.13E+11,34212.02807,0,0,0,1
Connecticut,7,1996,3287116,678.8,60.03699493,0.34220001,1,0,1,1,0,3,0,1.23E+11,37483.37448,12,-1376,0,1
Delaware,8,1996,666168,341.9,45.38209534,0.31400001,1,0,0,0,0,7,0,27720900000,41612.47613,28,-10293.334,0,1
Florida,9,1996,12937926,241.3,42.6353569,0.35566667,1,0,1,1,0,7,0,3.47E+11,26816.60105,28,-10293.334,0,1
Georgia,10,1996,6478216,112.6,40.40241623,0.317,1,0,1,1,1,2,0,2.03E+11,31397.08525,8,-426.66666,1,1
Hawaii,11,1996,1108229,172.6,81.76628113,0.42075002,1,0,0,0,0,7,0,37763100000,34075.1776,28,-10293.334,1,1
Idaho,12,1996,1006749,12.2,19.84089661,0.1635,1,0,1,1,0,1,0,27762400000,27576.28763,4,-53.333332,0,1
Illinois,13,1996,11430602,205.9,47.33747864,0.40707693,1,0,1,1,0,2,0,3.64E+11,31883.7713,8,-426.66666,0,1
Indiana,14,1996,5544159,154.8,34.96058655,0.20200001,1,0,1,1,0,2,0,1.50E+11,27128.35256,8,-426.66666,0,1
Iowa,15,1996,2776755,49.7,42.88014984,0.35100001,1,0,0,0,0,7,0,73136600000,26338.87397,28,-10293.334,0,1
Kansas,16,1996,2477574,30.3,34.29273224,0.116,1,0,1,1,0,0,0,65281900000,26349.12217,0,0,0,1
Kentucky,17,1996,3685296,93.3,38.35422897,0.26033333,1,0,1,1,1,1,0,91914700000,24940.9274,4,-53.333332,1,1
Louisiana,18,1996,4219973,97.7,28.24271584,0.2045,1,0,1,0,1,3,0,1.13E+11,26747.96734,12,-1376,1,1
Maine,19,1996,1227928,39.8,60.30899811,0.333,1,0,0,0,0,7,0,28152600000,22926.91428,28,-10293.334,0,1
Maryland,20,1996,4781468,492.6,60.50681305,0.39642859,1,0,1,1,0,7,0,1.39E+11,29085.23073,28,-10293.334,1,1
Massachusetts,21,1996,6016425,771.3,67.82901001,0.44569999,1,0,1,1,0,7,0,1.96E+11,32645.41651,28,-10293.334,0,1
Michigan,22,1996,9295297,164.4,49.17116547,0.44229999,1,0,0,1,0,0,0,2.57E+11,27606.96081,0,0,0,1
Minnesota,23,1996,4375099,54.9,49.5460968,0.39871427,1,0,0,0,0,7,0,1.35E+11,30884.80969,28,-10293.334,0,1
Mississippi,24,1996,2573216,54.8,18.27911568,0.1275,1,0,1,1,1,1,0,54984300000,21367.93025,4,-53.333332,0,1
Missouri,25,1996,5117073,74.4,42.18087769,0.30066666,1,0,0,0,0,0,0,1.40E+11,27371.07718,0,0,1,1
Montana,26,1996,799065,5.5,41.59890747,0.26350001,1,0,1,1,0,0,0,17519300000,21924.74955,0,0,0,1
Nebraska,27,1996,1578385,20.5,32.90828323,0.2185,1,0,1,1,0,2,0,45111300000,28580.66948,8,-426.66666,1,1
Nevada,28,1996,1201833,10.9,44.06999969,0.25849998,1,0,0,0,0,2,0,49249300000,40978.48869,8,-426.66666,0,1
New Hampshire,29,1996,1109252,123.9,34.95973206,0.14399999,1,0,1,1,0,7,0,31875500000,28736.03113,28,-10293.334,0,1
New Jersey,30,1996,7730188,"1,051.10",56.54232407,0.37328571,1,0,1,1,0,2,0,2.63E+11,34083.00031,8,-426.66666,0,1
New Mexico,31,1996,1515069,12.5,44.83137131,0.29350001,1,0,1,1,0,3,0,42145900000,27817.80896,12,-1376,0,1
New York,32,1996,17990455,381.7,61.15750504,0.44422221,1,0,1,1,0,7,0,5.83E+11,32386.96853,28,-10293.334,0,1
North Carolina,33,1996,6628637,136.3,41.13757324,0.39200002,1,0,1,1,1,7,0,1.93E+11,29186.49792,28,-10293.334,0,1
North Dakota,34,1996,638800,9.3,59.39109039,0.27633333,1,0,1,1,0,1,0,14841900000,23234.03256,4,-53.333332,0,1
Ohio,35,1996,10847115,265.5,42.45303345,0.33814287,1,0,1,1,0,2,0,2.98E+11,27430.16922,8,-426.66666,0,1
Oklahoma,36,1996,3145585,45.9,17.68430138,0.079999998,1,0,1,1,1,1,0,70859400000,22526.62064,4,-53.333332,0,1
Oregon,37,1996,2842321,29.6,56.53935242,0.3906,1,0,1,1,0,7,0,81553700000,28692.64239,28,-10293.334,0,1
Pennsylvania,38,1996,11881643,265.6,50.99113464,0.34927273,1,0,1,1,0,7,0,3.13E+11,26342.26596,28,-10293.334,0,1
Rhode Island,39,1996,1003464,970.6,62.31818771,0.37366667,1,0,1,1,0,7,0,25549800000,25461.60101,28,-10293.334,0,1
South Carolina,40,1996,3486703,116,36.29346085,0.33766666,1,0,0,1,1,0,0,87247700000,25022.98016,0,0,0,1
South Dakota,41,1996,696004,9.2,50.37763977,0.27649999,1,0,1,1,0,7,0,18053800000,25939.21874,28,-10293.334,0,1
Tennessee,42,1996,4877185,118.3,35.04534912,0.25999999,1,0,1,1,1,2,0,1.37E+11,28102.52225,8,-426.66666,0,1
Texas,43,1996,16986510,65,35.26751709,0.26394737,1,0,1,1,1,1,0,5.08E+11,29889.91264,4,-53.333332,0,1
Utah,44,1996,1722850,21,28.47733307,0.086000003,1,0,0,0,0,7,0,46746400000,27133.18049,28,-10293.334,0,1
Vermont,45,1996,562758,61.1,75.37983704,0.37,1,0,1,1,0,7,0,13891400000,24684.50026,28,-10293.334,0,1
Virginia,46,1996,6187358,156.7,38.79828644,0.23385714,1,0,0,0,1,0,0,1.86E+11,30099.37359,0,0,0,1
Washington,47,1996,4866692,73.2,50.53570175,0.44,1,0,0,1,0,7,0,1.55E+11,31863.2451,28,-10293.334,0,1
West Virginia,48,1996,1793477,74.6,65.34799957,0.31059998,1,0,1,1,1,7,0,36148700000,20155.65296,28,-10293.334,1,1
Wisconsin,49,1996,4891769,90.3,47.15150833,0.3432,1,0,1,1,0,1,0,1.35E+11,27661.01588,4,-53.333332,0,1
Wyoming,50,1996,453588,4.7,33.82058716,0.34849998,1,0,0,0,0,7,0,14608100000,32205.658,28,-10293.334,0,1
Alabama,1,2000,4447100,87.8,43.83360291,0.34350002,0,0,1,1,1,3,0,1.15E+11,25866.49727,12,-1376,1,1
Alaska,2,2000,626932,1.1,32.42792892,0.28400001,0,0,0,0,0,8,0,24732600000,39450.21151,32,-13482.666,0,1
Arizona,3,2000,5130632,45.2,40.11072159,0.421,0,0,1,1,0,8,0,1.55E+11,30277.84881,32,-13482.666,0,1
Arkansas,4,2000,2673400,51.4,46.31619263,0.24233334,0,0,1,1,1,2,0,66816700000,24993.15478,8,-426.66666,0,1
California,5,2000,33871648,217.4,57.10064697,0.43390322,0,0,1,1,0,8,0,1.25E+12,36818.19674,32,-13482.666,1,1
Colorado,6,2000,4301261,41.5,49.77512741,0.39249998,0,0,1,1,0,1,0,1.64E+11,38181.08225,4,-53.333332,0,1
Connecticut,7,2000,3405565,703.3,67.10449219,0.33450001,0,0,1,1,0,4,0,1.52E+11,44732.10759,16,-2901.3333,0,1
Delaware,8,2000,783600,402.1,57.72416687,0.31400001,0,0,1,0,0,8,0,40363600000,51510.46452,32,-13482.666,0,1
Florida,9,2000,15982378,298,49.27883148,0.354,0,0,1,1,0,8,0,4.58E+11,28676.49608,32,-13482.666,0,1
Georgia,10,2000,8186453,142.3,48.33500671,0.2956,0,0,1,1,1,3,0,2.89E+11,35301.52802,12,-1376,1,1
Hawaii,11,2000,1211537,188.6,82.12284851,0.42075002,0,0,0,0,0,8,0,39250400000,32397.19464,32,-13482.666,1,1
Idaho,12,2000,1293953,15.7,25.20083427,0.1635,0,0,1,1,0,2,0,34138200000,26382.8748,8,-426.66666,0,1
Illinois,13,2000,12419293,223.7,58.14704895,0.40281817,0,0,1,1,0,3,0,4.59E+11,36984.56104,12,-1376,0,1
Indiana,14,2000,6080485,169.7,48.96306229,0.26199999,0,0,1,1,0,3,0,1.93E+11,31757.43382,12,-1376,0,1
Iowa,15,2000,2926324,52.4,48.33892441,0.29449999,0,0,0,0,0,8,0,87662300000,29956.45732,32,-13482.666,0,1
Kansas,16,2000,2688418,32.9,36.0478363,0.26699999,0,0,1,1,0,1,0,81853000000,30446.53026,4,-53.333332,0,1
Kentucky,17,2000,4041769,102.4,26.26401901,0.057999998,0,0,1,1,1,2,0,1.15E+11,28516.84498,8,-426.66666,1,1
Louisiana,18,2000,4468976,103.4,33.34529114,0.2175,0,0,1,1,1,4,0,1.26E+11,28192.11828,16,-2901.3333,0,1
Maine,19,2000,1274923,41.3,62.27345276,0.36650002,0,0,1,1,0,8,0,34382100000,26967.9816,32,-13482.666,0,1
Maryland,20,2000,5296486,545.6,70.6427536,0.38816667,0,0,1,1,0,8,0,1.80E+11,34023.87923,32,-13482.666,1,1
Massachusetts,21,2000,6349097,814,84.43409729,0.47516668,0,0,1,1,0,8,0,2.65E+11,41703.47374,32,-13482.666,0,1
Michigan,22,2000,9938444,175.8,51.49460983,0.41781819,0,0,0,1,0,0,0,3.38E+11,33965.19616,0,0,0,1
Minnesota,23,2000,4919479,61.8,52.15949631,0.39871427,0,0,0,0,0,8,0,1.75E+11,35501.72691,32,-13482.666,0,1
Mississippi,24,2000,2844658,60.6,35.17971039,0.21766666,0,0,1,1,1,2,0,63827200000,22437.56543,8,-426.66666,0,1
Missouri,25,2000,5595211,81.4,47.65990067,0.32160002,0,0,1,1,0,1,1,1.77E+11,31698.62584,4,-53.333332,1,1
Montana,26,2000,902195,6.2,46.01984024,0.212,0,0,1,1,0,1,0,20829900000,23088.02421,4,-53.333332,0,1
Nebraska,27,2000,1711263,22.3,33.67308044,0.223,0,0,1,1,0,0,0,53689300000,31374.07868,0,0,0,1
Nevada,28,2000,1998257,18.2,57.57247925,0.273,0,0,0,0,0,3,0,71534900000,35798.64852,12,-1376,0,1
New Hampshire,29,2000,1235786,138,35.28259659,0.14399999,0,0,1,1,0,8,0,41880000000,33889.36272,32,-13482.666,0,1
New Jersey,30,2000,8414350,"1,144.20",67.92355347,0.38688889,0,0,1,1,0,0,0,3.37E+11,40009.0203,0,0,0,1
New Mexico,31,2000,1819046,15,51.03768921,0.36000001,0,0,1,1,0,4,0,53092800000,29187.16734,16,-2901.3333,0,1
New York,32,2000,18976457,402.7,70.1991806,0.42257142,0,0,1,1,0,8,0,7.94E+11,41826.62232,32,-13482.666,0,1
North Carolina,33,2000,8049313,165.6,51.29491043,0.3425,0,0,1,1,1,8,0,2.64E+11,32805.71895,32,-13482.666,1,1
North Dakota,34,2000,642200,9.3,62.08339691,0.27633333,0,0,0,0,0,2,0,16983700000,26446.1227,8,-426.66666,0,1
Ohio,35,2000,11353140,277.8,51.54340363,0.37674999,0,0,1,1,0,3,0,3.76E+11,33121.65621,12,-1376,0,1
Oklahoma,36,2000,3450654,50.3,24.86429787,0.079999998,0,0,1,1,1,2,0,84062900000,24361.43989,8,-426.66666,0,1
Oregon,37,2000,3421399,35.6,58.50491714,0.37219998,0,0,1,1,0,8,0,1.08E+11,31433.42826,32,-13482.666,0,1
Pennsylvania,38,2000,12281054,274.5,54.65074921,0.35600001,0,0,1,1,0,0,0,3.90E+11,31733.08252,0,0,0,1
Rhode Island,39,2000,1048319,"1,014.00",72.90249634,0.373,0,0,1,1,0,8,0,32295500000,30806.93949,32,-13482.666,0,1
South Carolina,40,2000,4012012,133.5,53.50328064,0.33766666,0,0,1,1,1,0,0,1.10E+11,27480.42628,0,0,0,1
South Dakota,41,2000,754844,10,47.05177689,0.27649999,0,0,1,1,0,8,0,21050800000,27887.61651,32,-13482.666,0,1
Tennessee,42,2000,5689283,138,47.88175201,0.24024999,0,0,1,1,1,3,1,1.76E+11,30903.68329,12,-1376,0,1
Texas,43,2000,20851820,79.8,41.34140396,0.27252942,0,0,1,1,1,2,0,6.81E+11,32675.10462,8,-426.66666,0,1
Utah,44,2000,2233169,27.2,33.01721191,0.086000003,0,0,1,1,0,8,0,66022600000,29564.53363,32,-13482.666,0,1
Vermont,45,2000,608827,66.1,71.59047699,0.37,0,0,1,1,0,0,0,17159300000,28184.19682,0,0,1,1
Virginia,46,2000,7078515,179.2,44.85282516,0.19585714,0,0,0,1,1,1,0,2.50E+11,35289.64762,4,-53.333332,0,1
Washington,47,2000,5894121,88.7,46.81577301,0.37933335,0,0,1,1,0,8,0,2.31E+11,39116.07855,32,-13482.666,0,1
West Virginia,48,2000,1808344,75.2,68.85840607,0.31059998,0,0,1,1,1,8,0,41831000000,23132.21378,32,-13482.666,0,1
Wisconsin,49,2000,5363675,99,52.28497696,0.35699999,0,0,1,1,0,0,0,1.72E+11,32115.68561,0,0,0,1
Wyoming,50,2000,493782,5.1,28.15034485,0.34849998,0,0,0,0,0,8,0,15710900000,31817.48221,32,-13482.666,0,1
Alabama,1,2004,4447100,87.8,28.70806122,0.20100001,0,1,1,1,1,0,0,1.34E+11,30073.35117,0,0,0,1
Alaska,2,2004,626932,1.1,36.41149521,0.28400001,0,1,0,0,0,9,0,31799700000,50722.72591,36,-16928,0,1
Arizona,3,2004,5130632,45.2,46.84286118,0.50999999,0,1,1,0,0,0,0,1.93E+11,37568.70499,0,0,0,1
Arkansas,4,2004,2673400,51.4,50.40570831,0.2254,0,1,1,1,1,3,0,78218800000,29258.17311,12,-1376,0,1
California,5,2004,33871648,217.4,55.62487793,0.43811429,0,1,1,1,0,9,0,1.53E+12,45090.63155,36,-16928,1,1
Colorado,6,2004,4301261,41.5,47.47132492,0.39249998,0,1,0,0,0,2,0,1.96E+11,45680.48765,8,-426.66666,0,1
Connecticut,7,2004,3405565,703.3,64.07688904,0.33675,0,1,1,1,0,5,0,1.81E+11,53248.05135,20,-4938.6665,0,1
Delaware,8,2004,783600,402.1,54.93526459,0.24450001,0,1,1,0,0,9,0,47761600000,60951.50587,36,-16928,0,1
Florida,9,2004,15982378,298,43.86200714,0.32833332,0,1,1,1,0,9,0,5.84E+11,36523.08186,36,-16928,0,1
Georgia,10,2004,8186453,142.3,39.21786499,0.25149998,0,1,1,1,1,0,0,3.40E+11,41582.18462,0,0,0,1
Hawaii,11,2004,1211537,188.6,77.90763092,0.34350002,0,1,0,0,0,9,0,48929100000,40385.97253,36,-16928,0,1
Idaho,12,2004,1293953,15.7,22.46538925,0.1635,0,1,0,1,0,3,0,40341800000,31177.17568,12,-1376,0,1
Illinois,13,2004,12419293,223.7,57.44496155,0.42789999,0,1,1,1,0,0,0,5.29E+11,42631.68604,0,0,1,1
Indiana,14,2004,6080485,169.7,46.09898758,0.28625,0,1,1,1,0,0,0,2.23E+11,36756.16337,0,0,0,1
Iowa,15,2004,2926324,52.4,47.85461044,0.29449999,0,1,0,0,0,9,0,1.05E+11,35906.31113,36,-16928,0,1
Kansas,16,2004,2688418,32.9,35.78794861,0.26699999,0,1,0,0,0,0,0,94603500000,35189.28232,0,0,0,1
Kentucky,17,2004,4041769,102.4,33.42810822,0.145,0,1,1,1,1,3,0,1.27E+11,31414.61078,12,-1376,0,1
Louisiana,18,2004,4468976,103.4,33.74208069,0.191,0,1,1,1,1,5,0,1.54E+11,34540.7091,20,-4938.6665,0,1
Maine,19,2004,1274923,41.3,66.05895233,0.34149998,0,1,0,0,0,0,0,41838500000,32816.49166,0,0,1,1
Maryland,20,2004,5296486,545.6,61.93775558,0.377,0,1,1,1,0,9,0,2.29E+11,43177.68422,36,-16928,0,1
Massachusetts,21,2004,6349097,814,81.48638153,0.46958333,0,1,1,1,0,9,1,3.15E+11,49660.57378,36,-16928,0,1
Michigan,22,2004,9938444,175.8,53.19459915,0.43525001,0,1,1,1,0,1,0,3.74E+11,37615.47582,4,-53.333332,0,1
Minnesota,23,2004,4919479,61.8,52.84866714,0.41099998,0,1,0,0,0,9,0,2.15E+11,43735.50532,36,-16928,0,1
Mississippi,24,2004,2844658,60.6,38.31859589,0.28049999,0,1,1,1,1,0,0,73332200000,25778.91613,0,0,1,1
Missouri,25,2004,5595211,81.4,43.92652512,0.35300002,0,1,1,1,0,0,0,2.04E+11,36461.44891,0,0,0,1
Montana,26,2004,902195,6.2,44.64138031,0.212,0,1,1,1,0,2,0,25637600000,28416.91652,8,-426.66666,0,1
Nebraska,27,2004,1711263,22.3,27.18689919,0.029999999,0,1,1,1,0,0,0,66415600000,38810.86659,0,0,0,1
Nevada,28,2004,1998257,18.2,43.7538147,0.28899997,0,1,0,0,0,4,0,90778800000,45428.99137,16,-2901.3333,0,1
New Hampshire,29,2004,1235786,138,41.2679863,0.14399999,0,1,1,1,0,9,0,51378400000,41575.48313,36,-16928,0,1
New Jersey,30,2004,8414350,"1,144.20",60.76298141,0.40733334,0,1,1,1,0,1,0,4.05E+11,48155.65076,4,-53.333332,0,1
New Mexico,31,2004,1819046,15,54.75389862,0.36000001,0,1,0,1,0,5,0,62895900000,34576.31088,20,-4938.6665,1,1
New York,32,2004,18976457,402.7,66.37564087,0.43276191,0,1,1,1,0,9,1,9.05E+11,47705.45945,36,-16928,0,1
North Carolina,33,2004,8049313,165.6,50.54713058,0.35262501,0,1,0,0,1,0,0,3.09E+11,38427.90062,0,0,0,1
North Dakota,34,2004,642200,9.3,54.67782974,0.27633333,0,1,0,0,0,0,0,22077400000,34377.76394,0,0,0,1
Ohio,35,2004,11353140,277.8,49.17501831,0.44633335,0,1,1,1,0,0,0,4.25E+11,37427.1347,0,0,0,1
Oklahoma,36,2004,3450654,50.3,32.34192276,0.18099999,0,1,1,1,1,3,0,1.05E+11,30499.5227,12,-1376,1,1
Oregon,37,2004,3421399,35.6,58.01951599,0.37219998,0,1,1,1,0,9,0,1.27E+11,37181.16478,36,-16928,0,1
Pennsylvania,38,2004,12281054,274.5,53.79531479,0.34642857,0,1,1,1,0,0,0,4.55E+11,37057.63365,0,0,0,1
Rhode Island,39,2004,1048319,"1,014.00",82.42434692,0.38866666,0,1,1,1,0,9,0,40272800000,38416.55069,36,-16928,0,1
South Carolina,40,2004,4012012,133.5,46.20833969,0.33766666,0,1,1,0,1,0,1,1.30E+11,32486.79216,0,0,0,1
South Dakota,41,2004,754844,10,49.8337059,0.24566667,0,1,1,1,0,9,0,27445000000,36358.50586,36,-16928,0,1
Tennessee,42,2004,5689283,138,44.52997208,0.22239999,0,1,1,1,1,0,0,2.04E+11,35827.66053,0,0,1,1
Texas,43,2004,20851820,79.8,44.03152847,0.27547058,0,1,1,1,1,0,0,8.30E+11,39793.38015,0,0,0,1
Utah,44,2004,2233169,27.2,29.43313408,0.115,0,1,1,0,0,0,0,79149100000,35442.50346,0,0,0,1
Vermont,45,2004,608827,66.1,81.4512558,0.37,0,1,1,1,0,1,0,21130100000,34706.2466,4,-53.333332,0,1
Virginia,46,2004,7078515,179.2,47.43007278,0.33933333,0,1,1,0,1,2,0,3.10E+11,43791.84052,8,-426.66666,0,1
Washington,47,2004,5894121,88.7,53.91207504,0.36650002,0,1,0,0,0,9,0,2.58E+11,43817.01699,36,-16928,0,1
West Virginia,48,2004,1808344,75.2,66.10992432,0.30825001,0,1,1,1,1,9,0,46667900000,25806.98142,36,-16928,1,1
Wisconsin,49,2004,5363675,99,53.75645447,0.35316667,0,1,1,1,0,1,0,2.03E+11,37872.29838,4,-53.333332,0,1
Wyoming,50,2004,493782,5.1,24.51712418,0.34849998,0,1,0,0,0,9,0,21027500000,42584.58186,36,-16928,0,1
Alabama,1,2008,4447100,87.8,47.25582504,0.20100001,0,0,1,1,1,1,0,1.70E+11,38154.84248,4,-53.333332,0,1
Alaska,2,2008,626932,1.1,59.03574753,0.28400001,0,0,0,0,0,10,0,48972600000,78114.69186,40,-20565.332,0,1
Arizona,3,2008,5130632,45.2,48.69186401,0.2965,0,0,1,0,0,1,0,2.62E+11,51128.5939,4,-53.333332,0,1
Arkansas,4,2008,2673400,51.4,56.38674164,0.2254,0,0,1,1,1,4,0,96948200000,36264.00838,16,-2901.3333,1,1
California,5,2008,33871648,217.4,61.49866486,0.4301579,0,0,1,1,0,0,0,1.96E+12,57743.1603,0,0,0,1
Colorado,6,2008,4301261,41.5,53.42242432,0.3134,0,0,0,0,0,0,0,2.46E+11,57202.6436,0,0,1,1
Connecticut,7,2008,3405565,703.3,83.41682434,0.333,0,0,1,1,0,6,0,2.38E+11,69751.33348,24,-7424,0,1
Delaware,8,2008,783600,402.1,73.2312088,0.24450001,0,0,1,1,0,0,0,56278500000,71820.4441,0,0,0,1
Florida,9,2008,15982378,298,55.0276947,0.34110001,0,0,1,1,0,10,0,7.69E+11,48094.28234,40,-20565.332,0,1
Georgia,10,2008,8186453,142.3,43.15314484,0.31316668,0,0,1,1,1,1,0,4.15E+11,50709.61746,4,-53.333332,0,1
Hawaii,11,2008,1211537,188.6,80.38159943,0.41425002,0,0,0,0,0,10,0,65233500000,53843.58876,40,-20565.332,0,1
Idaho,12,2008,1293953,15.7,31.64930725,0.1635,0,0,0,1,0,0,0,53852100000,41618.28134,0,0,0,1
Illinois,13,2008,12419293,223.7,69.51467896,0.38338462,0,0,1,1,0,1,1,6.48E+11,52165.77949,4,-53.333332,1,1
Indiana,14,2008,6080485,169.7,53.20748901,0.257,0,0,1,1,0,1,0,2.69E+11,44248.70713,4,-53.333332,0,1
Iowa,15,2008,2926324,52.4,55.4658432,0.29374999,0,0,0,0,0,10,0,1.37E+11,46808.55572,40,-20565.332,1,1
Kansas,16,2008,2688418,32.9,44.38121033,0.22999999,0,0,0,0,0,0,0,1.22E+11,45548.4601,0,0,0,1
Kentucky,17,2008,4041769,102.4,51.36536026,0.30500001,0,0,1,1,1,4,0,1.55E+11,38233.67936,16,-2901.3333,0,1
Louisiana,18,2008,4468976,103.4,45.13144684,0.208,0,0,1,1,1,6,0,2.07E+11,46239.02657,24,-7424,1,1
Maine,19,2008,1274923,41.3,77.911026,0.34149998,0,0,0,0,0,0,0,49148600000,38550.2497,0,0,1,1
Maryland,20,2008,5296486,545.6,73.69960785,0.40133333,0,0,1,1,0,10,0,2.88E+11,54351.65882,40,-20565.332,1,1
Massachusetts,21,2008,6349097,814,87.86518097,0.46392307,0,0,1,1,0,10,0,3.80E+11,59831.68945,40,-20565.332,1,1
Michigan,22,2008,9938444,175.8,64.41295624,0.43525001,0,0,1,0,0,0,0,4.04E+11,40623.6429,0,0,0,1
Minnesota,23,2008,4919479,61.8,64.23943329,0.36316666,0,0,0,0,0,10,0,2.59E+11,52612.72586,40,-20565.332,0,1
Mississippi,24,2008,2844658,60.6,42.91822815,0.19066666,0,0,1,1,1,1,0,91057600000,32010.03425,4,-53.333332,0,1
Missouri,25,2008,5595211,81.4,60.09208679,0.31900001,0,0,1,1,0,1,0,2.40E+11,42922.20615,4,-53.333332,0,1
Montana,26,2008,902195,6.2,59.75658798,0.21149999,0,0,1,1,0,3,0,36074100000,39984.81481,12,-1376,0,1
Nebraska,27,2008,1711263,22.3,45.80254364,0.029999999,0,0,1,1,0,1,0,83122800000,48573.94801,4,-53.333332,0,1
Nevada,28,2008,1998257,18.2,56.02605057,0.28899997,0,0,0,0,0,5,0,1.32E+11,65857.29463,20,-4938.6665,0,1
New Hampshire,29,2008,1235786,138,52.76191711,0.28549999,0,0,1,1,0,10,0,60732700000,49144.9976,40,-20565.332,1,1
New Jersey,30,2008,8414350,"1,144.20",75.43704224,0.40277779,0,0,1,1,0,2,0,4.81E+11,57109.46181,8,-426.66666,1,1
New Mexico,31,2008,1819046,15,64.10773468,0.36000001,0,0,0,0,0,0,0,80572800000,44293.98707,0,0,1,1
New York,32,2008,18976457,402.7,78.76633453,0.41692001,0,0,1,1,0,10,1,1.11E+12,58435.35492,40,-20565.332,0,1
North Carolina,33,2008,8049313,165.6,55.01758194,0.30771428,0,0,1,1,1,0,0,3.96E+11,49239.92892,0,0,1,1
North Dakota,34,2008,642200,9.3,62.82354736,0.27633333,0,0,0,0,0,1,0,28679700000,44658.5176,4,-53.333332,0,1
Ohio,35,2008,11353140,277.8,62.06680679,0.42277777,0,0,1,1,0,1,0,4.91E+11,43244.86442,4,-53.333332,0,1
Oklahoma,36,2008,3450654,50.3,27.22509384,0.112,0,0,1,1,1,4,0,1.45E+11,41990.09811,16,-2901.3333,0,1
Oregon,37,2008,3421399,35.6,71.63258362,0.37219998,0,0,1,1,0,10,0,1.62E+11,47206.42053,40,-20565.332,1,1
Pennsylvania,38,2008,12281054,274.5,68.58189392,0.28841665,0,0,1,1,0,1,0,5.61E+11,45660.03863,4,-53.333332,0,1
Rhode Island,39,2008,1048319,"1,014.00",86.6028595,0.39025,0,0,1,1,0,10,0,47845600000,45640.30605,40,-20565.332,0,1
South Carolina,40,2008,4012012,133.5,47.07920837,0.36000001,0,0,1,1,1,1,0,1.59E+11,39721.34181,4,-53.333332,0,1
South Dakota,41,2008,754844,10,53.65142441,0.21700001,0,0,1,1,0,10,0,34701600000,45971.88293,40,-20565.332,0,1
Tennessee,42,2008,5689283,138,52.05715942,0.2306,0,0,1,1,1,1,0,2.44E+11,42932.01797,4,-53.333332,0,1
Texas,43,2008,20851820,79.8,49.10949707,0.336,0,0,1,1,1,1,0,1.18E+12,56521.83359,4,-53.333332,0,1
Utah,44,2008,2233169,27.2,40.46585083,0.115,0,0,1,0,0,1,0,1.15E+11,51340.80761,4,-53.333332,0,1
Vermont,45,2008,608827,66.1,82.43348694,0.389,0,0,1,1,0,2,1,24696800000,40564.56103,8,-426.66666,0,1
Virginia,46,2008,7078515,179.2,59.3432579,0.29675001,0,0,1,1,1,0,0,3.93E+11,55508.43644,0,0,0,1
Washington,47,2008,5894121,88.7,65.06138611,0.36650002,0,0,0,0,0,0,0,3.46E+11,58777.68712,0,0,1,1
West Virginia,48,2008,1808344,75.2,74.98809814,0.30825001,0,0,1,1,1,10,0,58635800000,32425.13593,40,-20565.332,1,1
Wisconsin,49,2008,5363675,99,60.47053146,0.37771428,0,0,1,1,0,2,0,2.44E+11,45447.70144,8,-426.66666,0,1
Wyoming,50,2008,493782,5.1,29.86553001,0.34849998,0,0,0,0,0,10,0,36602500000,74126.8414,40,-20565.332,0,1
Alabama,1,2012,4779736,94.4,36.03850937,0.38999999,1,0,1,1,1,2,0,1.81E+11,37941.38421,8,-426.66666,0,1
Alaska,2,2012,710231,1.2,55.23251343,0.235,1,0,0,0,0,11,0,56259900000,79213.52349,44,-24330.664,0,1
Arizona,3,2012,6392017,56.3,46.67196274,0.31325001,1,0,1,1,0,2,0,2.58E+11,40354.67991,8,-426.66666,0,1
Arkansas,4,2012,2915918,56,29.15975761,0.2,1,0,1,1,1,5,0,1.06E+11,36381.47575,20,-4938.6665,1,1
California,5,2012,37253956,239.1,54.71355438,0.43132433,1,0,1,1,0,1,0,2.05E+12,55029.2377,4,-53.333332,1,1
Colorado,6,2012,5029196,48.5,43.0680275,0.31060001,1,0,0,0,0,1,0,2.64E+11,52579.29896,4,-53.333332,0,1
Connecticut,7,2012,3574097,738.1,72.63809204,0.33157143,1,0,1,1,0,7,0,2.37E+11,66177.19105,28,-10293.334,1,1
Delaware,8,2012,897934,460.8,63.35131454,0.22333333,1,0,1,1,0,1,0,60357400000,67218.08062,4,-53.333332,1,1
Florida,9,2012,18801310,350.6,41.86706924,0.41728571,1,0,0,1,0,11,0,7.47E+11,39719.97164,44,-24330.664,0,1
Georgia,10,2012,9687653,168.4,39.98366165,0.352,1,0,1,1,1,2,0,4.30E+11,44342.42226,8,-426.66666,0,1
Hawaii,11,2012,1360301,211.8,76.63755798,0.4032,1,0,0,0,0,11,0,70482600000,51813.97352,44,-24330.664,1,1
Idaho,12,2012,1567582,19,24.30764771,0.1635,1,0,0,0,0,1,0,56488100000,36035.1803,4,-53.333332,0,1
Illinois,13,2012,12830632,231.1,60.72493744,0.42544445,1,0,1,1,0,2,1,6.88E+11,53644.19305,8,-426.66666,1,1
Indiana,14,2012,6483802,181,39.25485992,0.31666666,1,0,1,1,0,0,0,2.89E+11,44533.91698,0,0,0,1
Iowa,15,2012,3046355,54.5,42.55495834,0.29374999,1,0,0,0,0,11,0,1.47E+11,48328.90454,44,-24330.664,0,1
Kansas,16,2012,2853118,34.9,30.83360672,0.22999999,1,0,0,0,0,1,0,1.35E+11,47427.16565,4,-53.333332,0,1
Kentucky,17,2012,4339367,109.9,37.47274017,0.30500001,1,0,1,1,1,5,0,1.70E+11,39162.55528,20,-4938.6665,0,1
Louisiana,18,2012,4533372,104.9,35.37086105,0.34099999,1,0,1,1,1,7,0,2.29E+11,50511.5177,28,-10293.334,0,1
Maine,19,2012,1328361,43.1,67.06781006,0.352,1,0,0,0,0,1,0,51866700000,39045.63594,4,-53.333332,0,1
Maryland,20,2012,5773552,594.8,61.31215286,0.40399998,1,0,1,1,0,11,0,3.28E+11,56820.89639,44,-24330.664,1,1
Massachusetts,21,2012,6547629,839.4,68.2973938,0.45745453,1,0,1,1,0,11,0,4.26E+11,64999.58993,44,-24330.664,1,1
Michigan,22,2012,9883640,174.8,50.68250275,0.41322222,1,0,0,1,0,1,0,4.01E+11,40582.76101,4,-53.333332,0,1
Minnesota,23,2012,5303925,66.6,48.8432579,0.33766666,1,0,0,0,0,11,0,2.84E+11,53508.92028,44,-24330.664,0,1
Mississippi,24,2012,2967297,63.2,45.37379456,0.51599997,1,0,1,1,1,2,0,96371600000,32477.90835,8,-426.66666,0,1
Missouri,25,2012,5988927,87.1,47.59352112,0.35574999,1,0,1,0,0,2,0,2.60E+11,43429.06501,8,-426.66666,0,1
Montana,26,2012,989415,6.8,53.61442566,0.21149999,1,0,1,0,0,4,0,40579300000,41013.42713,16,-2901.3333,0,1
Nebraska,27,2012,1826341,23.8,25.96092987,0.029999999,1,0,0,1,0,0,0,99613400000,54542.60732,0,0,0,1
Nevada,28,2012,2700551,24.6,49.68047333,0.28899997,1,0,0,0,0,6,0,1.27E+11,46900.46587,24,-7424,0,1
New Hampshire,29,2012,1316470,147,42.92205429,0.252,1,0,1,1,0,11,0,65430500000,49701.4744,44,-24330.664,0,1
New Jersey,30,2012,8791894,"1,195.50",60.65816498,0.41420001,1,0,1,1,0,3,0,4.99E+11,56769.89509,12,-1376,0,1
New Mexico,31,2012,2059179,17,51.3391037,0.34799999,1,0,1,1,0,1,0,86625000000,42067.7367,4,-53.333332,0,1
New York,32,2012,19378102,411.2,64.85184479,0.416875,1,0,1,1,0,0,0,1.24E+12,63786.50499,0,0,0,1
North Carolina,33,2012,9535483,196.1,44.07426071,0.28125,1,0,1,1,1,0,0,4.27E+11,44801.67392,0,0,0,1
North Dakota,34,2012,672591,9.7,41.00729752,0.296,1,0,0,0,0,2,0,41179200000,61224.72647,8,-426.66666,0,1
Ohio,35,2012,11536504,282.3,48.56257629,0.46599999,1,0,1,1,0,0,0,5.25E+11,45541.38758,0,0,0,1
Oklahoma,36,2012,3751351,54.7,21.73229408,0.112,1,0,1,1,1,5,0,1.65E+11,43993.64389,20,-4938.6665,0,1
Oregon,37,2012,3831074,39.9,55.75248337,0.37271428,1,0,1,1,0,11,0,1.71E+11,44536.15357,44,-24330.664,0,1
Pennsylvania,38,2012,12702379,283.9,50.752388,0.328125,1,0,1,1,0,2,0,6.19E+11,48730.06072,8,-426.66666,0,1
Rhode Island,39,2012,1052567,"1,018.10",84.50076294,0.38525,1,0,1,1,0,11,0,50175900000,47670.02956,44,-24330.664,0,1
South Carolina,40,2012,4625364,153.9,41.52311707,0.46399999,1,0,1,1,1,2,0,1.70E+11,36772.7167,8,-426.66666,0,1
South Dakota,41,2012,814180,10.7,46.22770309,0.25,1,0,1,1,0,11,0,41541500000,51022.50117,44,-24330.664,0,1
Tennessee,42,2012,6346105,153.9,34.11194611,0.28100002,1,0,1,1,1,2,0,2.68E+11,42176.91009,8,-426.66666,0,1
Texas,43,2012,25145561,96.3,36.81830597,0.37133333,1,0,1,1,1,2,0,1.33E+12,52940.58065,8,-426.66666,0,1
Utah,44,2012,2763885,33.6,27.93555832,0.115,1,0,1,1,0,2,0,1.25E+11,45059.54481,8,-426.66666,0,1
Vermont,45,2012,625741,67.9,79.37496185,0.389,1,0,1,1,0,3,0,28135100000,44962.85204,12,-1376,1,1
Virginia,46,2012,8001024,202.6,43.43299103,0.28479999,1,0,1,1,1,1,0,4.32E+11,54042.1701,4,-53.333332,0,1
Washington,47,2012,6724540,101.2,50.53846359,0.35862499,1,0,0,0,0,1,0,3.80E+11,56440.88666,4,-53.333332,1,1
West Virginia,48,2012,1852994,77.1,58.21689224,0.23,1,0,1,1,1,0,0,68524900000,36980.63782,0,0,1,1
Wisconsin,49,2012,5686986,105,48.55119705,0.39225,1,0,1,1,0,3,0,2.64E+11,46400.95826,12,-1376,0,1
Wyoming,50,2012,563626,5.8,23.24743652,0.34849998,1,0,0,0,0,11,0,39370700000,69852.52632,44,-24330.664,0,1
Alabama,1,2016,4779736,94.4,34.95671082,0.38999999,0,0,1,1,1,3,0,2.00E+11,41909.74146,12,-1376,0,1
Alaska,2,2016,710231,1.2,50.52630997,0.235,0,0,0,0,0,12,0,50636100000,71295.25464,48,-28160,0,1
Arizona,3,2016,6392017,56.3,42.35709,0.32924998,0,0,1,1,0,3,0,2.97E+11,46482.41705,12,-1376,0,1
Arkansas,4,2016,2915918,56,33.41155243,0.2,0,0,1,1,1,6,0,1.18E+11,40616.9858,24,-7424,0,1
California,5,2016,37253956,239.1,57.86972046,0.40068293,0,0,1,1,0,2,0,2.56E+12,68640.54652,8,-426.66666,1,1
Colorado,6,2016,5029196,48.5,45.54472733,0.30000001,0,0,0,0,0,2,0,3.18E+11,63226.38847,8,-426.66666,0,1
Connecticut,7,2016,3574097,738.1,94.95393372,0.34728572,0,0,1,1,0,8,0,2.60E+11,72682.97419,32,-13482.666,1,1
Delaware,8,2016,897934,460.8,56.22381592,0.22333333,0,0,1,1,0,2,0,70917700000,78978.74454,8,-426.66666,1,1
Florida,9,2016,18801310,350.6,47.21016693,0.37318182,0,0,1,1,0,0,0,8.95E+11,47603.28935,0,0,0,1
Georgia,10,2016,9687653,168.4,41.93097305,0.41025001,0,0,1,1,1,3,0,5.13E+11,52964.37641,12,-1376,0,1
Hawaii,11,2016,1360301,211.8,78.9668808,0.384,0,0,0,0,0,12,0,82739900000,60824.69983,48,-28160,1,1
Idaho,12,2016,1567582,19,25.63771629,0.1635,0,0,0,1,0,2,0,66273600000,42277.59696,8,-426.66666,0,1
Illinois,13,2016,12830632,231.1,58.16982651,0.38345453,0,0,1,1,0,3,0,7.92E+11,61698.12212,12,-1376,0,1
Indiana,14,2016,6483802,181,40.02309799,0.31666666,0,0,1,1,0,0,0,3.30E+11,50900.15087,0,0,0,1
Iowa,15,2016,3046355,54.5,42.48844528,0.27599999,0,0,0,0,0,12,0,1.78E+11,58389.58362,48,-28160,0,1
Kansas,16,2016,2853118,34.9,33.37453842,0.22999999,0,0,0,0,0,2,0,1.52E+11,53162.85551,8,-426.66666,0,1
Kentucky,17,2016,4339367,109.9,44.62511063,0.37799999,0,0,1,0,1,6,0,1.92E+11,44226.81926,24,-7424,0,1
Louisiana,18,2016,4533372,104.9,39.24360657,0.479,0,0,1,1,1,0,0,2.34E+11,51714.46332,0,0,0,1
Maine,19,2016,1328361,43.1,65.24729156,0.421,0,0,0,0,0,2,0,57515100000,43297.7933,8,-426.66666,0,1
Maryland,20,2016,5773552,594.8,59.3705101,0.38977778,0,0,1,1,0,12,0,3.67E+11,63613.6472,48,-28160,0,1
Massachusetts,21,2016,6547629,839.4,76.18045807,0.46245453,0,0,1,1,0,12,0,5.03E+11,76793.73709,48,-28160,0,1
Michigan,22,2016,9883640,174.8,53.93254852,0.40714285,0,0,1,1,0,0,0,4.74E+11,47930.68141,0,0,0,1
Minnesota,23,2016,5303925,66.6,51.88925934,0.34257144,0,0,0,0,0,12,0,3.28E+11,61926.78064,48,-28160,0,1
Mississippi,24,2016,2967297,63.2,44.15943909,0.51599997,0,0,1,1,1,3,0,1.06E+11,35623.90283,12,-1376,0,1
Missouri,25,2016,5988927,87.1,41.97447968,0.35866666,0,0,1,1,0,3,0,2.95E+11,49215.8779,12,-1376,0,1
Montana,26,2016,989415,6.8,49.15466309,0.211,0,0,1,1,0,5,0,46100700000,46593.89639,20,-4938.6665,0,1
Nebraska,27,2016,1826341,23.8,21.60536194,0.185,0,0,1,1,0,0,0,1.15E+11,63115.04807,0,0,0,1
Nevada,28,2016,2700551,24.6,51.24279022,0.28850001,0,0,0,0,0,7,0,1.44E+11,53462.7563,28,-10293.334,0,1
New Hampshire,29,2016,1316470,147,51.28731537,0.2525,0,0,1,1,0,12,0,75892900000,57648.78805,48,-28160,0,1
New Jersey,30,2016,8791894,"1,195.50",62.60531235,0.46775001,0,0,1,1,0,4,0,5.69E+11,64763.21257,16,-2901.3333,0,1
New Mexico,31,2016,2059179,17,54.49877167,0.35975,0,0,1,1,0,0,0,90849400000,44119.23393,0,0,0,1
New York,32,2016,19378102,411.2,69.71250153,0.42050001,0,0,1,1,0,0,1,1.49E+12,76798.06309,0,0,0,1
North Carolina,33,2016,9535483,196.1,51.78697968,0.405,0,0,1,1,1,0,0,5.03E+11,52799.34955,0,0,0,1
North Dakota,34,2016,672591,9.7,29.4707737,0.122,0,0,0,0,0,3,0,54932700000,81673.26057,12,-1376,0,1
Ohio,35,2016,11536504,282.3,47.17525482,0.4404,0,0,1,1,0,1,0,6.10E+11,52843.90314,4,-53.333332,0,1
Oklahoma,36,2016,3751351,54.7,23.06973267,0.112,0,0,1,1,1,6,0,1.85E+11,49438.32235,24,-7424,0,1
Oregon,37,2016,3831074,39.9,54.70230865,0.37316665,0,0,1,1,0,12,0,2.03E+11,53032.98762,48,-28160,1,1
Pennsylvania,38,2016,12702379,283.9,52.11684036,0.40128571,0,0,1,1,0,3,0,7.10E+11,55898.22977,12,-1376,0,1
Rhode Island,39,2016,1052567,"1,018.10",80.93688965,0.38525,0,0,1,1,0,12,0,56843800000,54004.9232,48,-28160,1,1
South Carolina,40,2016,4625364,153.9,38.15911865,0.46399999,0,0,0,1,1,3,0,2.04E+11,44087.44912,12,-1376,0,1
South Dakota,41,2016,814180,10.7,34.59616852,0.25,0,0,1,1,0,12,0,47778200000,58682.6009,48,-28160,0,1
Tennessee,42,2016,6346105,153.9,33.76624298,0.28100002,0,0,1,1,1,3,0,3.23E+11,50880.51647,12,-1376,0,1
Texas,43,2016,25145561,96.3,39.0453186,0.37172726,0,0,1,1,1,3,0,1.57E+12,62382.45788,12,-1376,0,1
Utah,44,2016,2763885,33.6,24.17560768,0.115,0,0,0,0,0,0,0,1.50E+11,54118.27916,0,0,0,1
Vermont,45,2016,625741,67.9,87.15790558,0.389,0,0,1,1,0,4,1,30672900000,49018.52364,16,-2901.3333,1,1
Virginia,46,2016,8001024,202.6,41.32202148,0.3154,0,0,1,1,1,2,0,4.85E+11,60578.55844,8,-426.66666,0,1
Washington,47,2016,6724540,101.2,51.41989899,0.35587502,0,0,0,1,0,2,0,4.70E+11,69884.92893,8,-426.66666,0,1
West Virginia,48,2016,1852994,77.1,43.43034744,0.057999998,0,0,1,1,1,1,0,70413600000,37999.90718,4,-53.333332,0,1
Wisconsin,49,2016,5686986,105,48.27238464,0.46450001,0,0,1,1,0,4,0,3.05E+11,53589.70463,16,-2901.3333,0,1
Wyoming,50,2016,563626,5.8,25.57586861,0.34849998,0,0,0,0,0,12,0,37764100000,67002.05455,48,-28160,0,1
